timestamp,market_id,question,yes_price,posterior,preferred_side,adjusted_edge,final_signal,confidence,risk_score,risk_multiplier,days_to_resolution,maturity_score,resolution_quality_score,actual_outcome,bot_correct,gpt_verdict,gpt_reasoning,notes
2026-04-04T23:23:52.454108+00:00,test-1,Will BTC close above 90k this week?,0.58,0.6926,buy_yes,0.0428,0.0214,0.38,0.64,0.3,5.0,1.0,1.0,,,,,test record
2026-04-04T23:37:37.502569+00:00,1746848,Russia military action against Kyiv municipality by March 31?,0.005,0.005523408732246187,buy_yes,0.00014331035451116482,7.165517725558241e-05,0.2738019938952,0.6336360597186,0.3,,0.5,1.0,no,false,,,resolved as NO on Polymarket
2026-04-05T00:02:23.339583+00:00,1852162,NBA to pass Luka Doncic’s “Extraordinary Circumstances Challenge”?,0.5,0.55,buy_yes,0.00035657900000000026,0.00017828950000000013,0.007131579999999999,0.99295142,0.3,,0.5,1.0,yes,true,,,auto-resolved
2026-04-05T00:29:20.580521+00:00,1849583,Over 400 US flights cancelled on April 6?,0.5,0.55,buy_yes,2.9589640000000032e-05,1.4794820000000016e-05,0.0005917928000000001,0.9994082072000001,0.3,,0.5,1.0,no,false,,,logged from analyze_market
2026-04-05T00:32:40.345333+00:00,1847945,Augusta National Invitational: Hole in One?,0.59,0.637524557956778,buy_yes,0.007636071378142778,0.003818035689071389,0.16067632622880001,0.8213439545284,0.3,,0.5,1.0,yes,true,,,auto-resolved
2026-04-05T00:34:33.388765+00:00,1845995,Trump approval Up or Down this week?,0.27,0.3113207547169812,buy_yes,0.004441982318972832,0.002220991159486416,0.107500028724,0.846601380457,0.3,,0.5,1.0,yes,true,,,auto-resolved
2026-04-15T00:01:55.968563+00:00,1665541,Will Shandong Taishan FC win on 2026-04-17?,0.53,0.6284584980237155,buy_yes,0.04264940073774666,0.04264940073774666,0.4331713523344,0.5661214857492,0.6,2.4813039460532407,1.0,1.0,no,false,,,auto-resolved
2026-04-15T00:01:55.968967+00:00,1665535,Will Qingdao Hainiu FC win on 2026-04-17?,0.41,0.3166023166023166,buy_no,0.041496734237412757,0.041496734237412757,0.44430153648160003,0.5397738476388,0.6,2.4569983942708333,1.0,1.0,no,true,,,auto-resolved
2026-04-15T00:01:55.969078+00:00,1665547,Will Zhejiang Zhiye FC win on 2026-04-17?,0.45,0.3816568047337277,buy_no,0.029247290453938275,0.029247290453938275,0.4279473668152,0.5640394748886,0.6,2.498665053564815,1.0,1.0,no,true,,,auto-resolved
2026-04-15T00:01:55.969166+00:00,1665544,Will Yunnan Yukun FC win on 2026-04-17?,0.59,0.6560671088568084,buy_yes,0.0290290861165634,0.0290290861165634,0.4393878681672,0.5434590988746,0.6,2.498665052962963,1.0,1.0,no,false,,,auto-resolved
2026-04-15T00:01:55.969243+00:00,1744440,Will CA San Lorenzo de Almagro win on 2026-04-16?,0.63,0.692975685063682,buy_yes,0.02862401442982012,0.02862401442982012,0.4545248598864,0.5201063550852,0.6,2.019503133263889,1.0,1.0,yes,true,,,auto-resolved
2026-04-15T00:01:55.969324+00:00,1665538,Will Chongqing Tonglianglong FC win on 2026-04-17?,0.51,0.5797766254487434,buy_yes,0.028420365429010323,0.028420365429010323,0.4073049570144,0.5915212822392,0.6,2.4813039475347223,1.0,1.0,yes,true,,,auto-resolved
2026-04-15T00:01:55.969400+00:00,1744446,Will CS Cienciano win on 2026-04-16?,0.67,0.7290950744558993,buy_yes,0.02809839326931699,0.02809839326931699,0.475477753908,0.49239168456899995,0.6,2.0820031300115738,1.0,1.0,yes,true,,,auto-resolved
2026-04-15T00:01:55.969474+00:00,1665552,Will Chengdu Rongcheng FC win on 2026-04-17?,0.66,0.7201378254211334,buy_yes,0.02797471666363958,0.02797471666363958,0.4651767247608,0.5031174564294,0.6,2.4986650540856483,1.0,1.0,yes,true,,,auto-resolved
2026-04-15T00:01:55.969547+00:00,1665549,Will Beijing Guoan FC win on 2026-04-17?,0.32,0.261995430312262,buy_no,0.027431787106516874,0.027431787106516874,0.4729245860144,0.4913065604892,0.6,2.4986650564351853,1.0,1.0,no,true,,,auto-resolved
2026-04-15T00:01:55.969625+00:00,1744441,Will CA San Lorenzo de Almagro vs. CD Cuenca end in a draw?,0.28,0.226827430293896,buy_no,0.026007080608685663,0.026007080608685663,0.48910708571040007,0.46716968571719997,0.6,2.0195031334953706,1.0,1.0,no,true,,,auto-resolved
2026-04-15T00:02:04.601468+00:00,1918083,Texas Rangers vs. Athletics,0.55,0.6941747572815534,buy_yes,0.09399662317653201,0.07049746738239901,0.6519631102479999,0.3960276673140001,0.6,7.068013279293981,0.75,1.0,no,false,,,auto-resolved
2026-04-15T00:02:04.601778+00:00,1918081,Colorado Rockies vs. Houston Astros,0.4,0.28136882129277563,buy_no,0.06535003957675076,0.04901252968256307,0.5508673207912,0.4568495094066001,0.6,7.005513282083333,0.75,1.0,no,true,,,auto-resolved
2026-04-15T00:02:04.601895+00:00,1918087,New York Mets vs. Los Angeles Dodgers,0.36,0.24832214765100669,buy_no,0.059963730958116086,0.044972798218587066,0.5369348505264,0.4552988621052,0.6,7.088844489224537,0.75,1.0,no,true,,,auto-resolved
2026-04-15T00:02:04.602002+00:00,1918085,Seattle Mariners vs. San Diego Padres,0.53,0.6575423395037416,buy_yes,0.05859827263324617,0.043948704474934625,0.4594417262632,0.5464187053026,0.6,7.068013279212963,0.75,1.0,no,false,,,auto-resolved
2026-04-15T00:02:04.602095+00:00,1919513,Indian Premier League: Royal Challengers Bangalore vs Lucknow Super Giants,0.62,0.7099236641221374,buy_yes,0.04263479987333214,0.031976099904999104,0.4741221378104,0.5084083966422,0.6,7.415226614340277,0.75,1.0,yes,true,,,auto-resolved
2026-04-15T00:02:04.602193+00:00,1974424,BMW Open: Alexander Blockx vs Ben Shelton,0.46,0.36220472440944884,buy_no,0.03896975277690971,0.02922731458268228,0.39848297928079995,0.6038882365394,0.3,7.331897763854167,0.75,1.0,no,true,,,auto-resolved
2026-04-15T00:02:04.602279+00:00,1970428,Wuning 2: Leo Vithoontien vs Yaojie Zeng,0.57,0.6373087485288348,buy_yes,0.022652853092250895,0.01698963981918817,0.3365513932048,0.6519697250964,0.3,7.081902167048611,0.75,1.0,yes,true,,,auto-resolved
2026-04-15T00:02:04.602366+00:00,1974421,Barcelona Open: Cameron Norrie vs Ethan Quinn,0.62,0.6569858712715856,buy_yes,0.01433441068152275,0.010750808011142064,0.38756449932639997,0.5889530107052,0.6,7.331895581342593,0.75,1.0,yes,true,,,auto-resolved
2026-04-15T00:02:04.602458+00:00,1981785,Barcelona Open: Alex de Minaur vs Hamad Medjedovic,0.7,0.7556818181818182,buy_yes,0.013540409546790024,0.010155307160092518,0.24317470206480002,0.7201372978514001,0.3,7.436059946030093,0.75,1.0,no,false,,,auto-resolved
2026-04-15T00:02:04.602546+00:00,1979157,Busan: Alex Bolt vs Tung-Lin Wu,0.6,0.6377952755905512,buy_yes,0.013371943616987719,0.010028957712740788,0.35379934153280007,0.6269544624504,0.3,7.081902168009259,0.75,1.0,yes,true,,,auto-resolved
2026-04-16T00:48:24.314620+00:00,1675253,Will FC Seoul win on 2026-04-18?,0.5,0.3008,buy_no,0.07984652588199746,0.07984652588199746,0.40083597330320003,0.5993730200226,0.6,2.175077954305556,1.0,1.0,,,,,scan: 2-60d window
2026-04-16T00:48:24.315530+00:00,1673532,Will Pumas de la UNAM win on 2026-04-17?,0.36,0.2355,buy_no,0.05689365107765518,0.05689365107765518,0.45697711708960004,0.5152671621828,0.6,2.008413113946759,1.0,1.0,,,,,scan: 2-60d window
2026-04-16T00:53:14.975593+00:00,1673532,Will Pumas de la UNAM win on 2026-04-17?,0.36,0.2355,buy_no,0.05689365107765518,0.05689365107765518,0.45697711708960004,0.5152671621828,0.6,2.0050118820717593,1.0,1.0,yes,false,,,auto-resolved
2026-04-16T00:53:14.975878+00:00,1675151,Will Melbourne City FC win on 2026-04-18?,0.45,0.3188,buy_no,0.0554852157696,0.0554852157696,0.42290560800000004,0.567820794,0.6,2.2550080250347224,1.0,1.0,,,,,paper trade | scan: 2-60d window
2026-04-16T00:53:14.976106+00:00,1674808,Will Yokohama F·Marinos win on 2026-04-18?,0.36,0.2668,buy_no,0.04280971108480003,0.04280971108480003,0.45933166400000003,0.513501252,0.6,2.1300105322337965,1.0,1.0,,,,,paper trade | scan: 2-60d window
2026-04-16T00:53:14.976312+00:00,1672927,Will Vancouver Whitecaps FC win on 2026-04-17?,0.83,0.8524,buy_yes,0.012030324305825325,0.012030324305825325,0.5370680493672,0.3981989629746,0.6,2.0675118794444445,1.0,1.0,,,,,paper trade | scan: 2-60d window
2026-04-16T00:53:14.976505+00:00,1674822,Will JEF United Ichihara Chiba win on 2026-04-18?,0.243,0.1525,buy_no,0.011551875007429204,0.011551875007429204,0.12764502770640002,0.8212791619602,0.3,2.2133413594675924,1.0,1.0,,,,,paper trade | scan: 2-60d window
2026-04-16T01:03:24.953660+00:00,1675253,Will FC Seoul win on 2026-04-18?,0.5,0.3008,buy_no,0.07984652588199746,0.07984652588199746,0.40083597330320003,0.5993730200226,0.6,2.1647248736342593,1.0,1.0,no,true,,,auto-resolved
2026-04-16T01:03:24.953818+00:00,1675151,Will Melbourne City FC win on 2026-04-18?,0.45,0.3188,buy_no,0.0554852157696,0.0554852157696,0.42290560800000004,0.567820794,0.6,2.248052080891204,1.0,1.0,yes,false,,,auto-resolved
2026-04-16T01:03:24.953904+00:00,1675217,Will Dalian Yingbo FC vs. Henan FC end in a draw?,0.31,0.1955,buy_no,0.05459718385000002,0.05459718385000002,0.4768313,0.485376525,0.6,2.4147159374074074,1.0,1.0,,,,,REAL SIGNAL | scan: 2-60d window
2026-04-16T01:03:24.954009+00:00,1674808,Will Yokohama F·Marinos win on 2026-04-18?,0.36,0.2668,buy_no,0.04280971108480003,0.04280971108480003,0.45933166400000003,0.513501252,0.6,2.123058209861111,1.0,1.0,no,true,,,auto-resolved
2026-04-16T01:03:24.954086+00:00,1684079,Spread: Sydney FC (-1.5),0.37,0.2708,buy_no,0.01758959689216001,0.01758959689216001,0.1773144848,0.7974201012,0.3,2.3556909662152776,1.0,1.0,no,true,,,auto-resolved
2026-04-16T01:03:24.954160+00:00,1672927,Will Vancouver Whitecaps FC win on 2026-04-17?,0.83,0.8524,buy_yes,0.012030324305825325,0.012030324305825325,0.5370680493672,0.3981989629746,0.6,2.0605612216782405,1.0,1.0,yes,true,,,auto-resolved
2026-04-16T01:03:24.954234+00:00,1674822,Will JEF United Ichihara Chiba win on 2026-04-18?,0.243,0.1525,buy_no,0.011435606616629203,0.011435606616629203,0.1263602941064,0.8225638955601999,0.3,2.206388712638889,1.0,1.0,no,true,,,auto-resolved
2026-04-16T10:15:33.599262+00:00,1871287,Will Brentford FC win on 2026-04-18?,0.47,0.3351,buy_no,0.05608284863552145,0.05608284863552145,0.41573646134560005,0.5791976539907999,0.6,2.051832015925926,1.0,1.0,no,true,,,auto-resolved
2026-04-16T10:15:33.599457+00:00,1675216,Will Dalian Yingbo FC win on 2026-04-18?,0.39,0.2768,buy_no,0.05051046230504612,0.05051046230504612,0.4462054973944,0.5323458769542,0.6,2.030998683483796,1.0,1.0,yes,false,,,auto-resolved
2026-04-16T10:15:33.599544+00:00,1675217,Will Dalian Yingbo FC vs. Henan FC end in a draw?,0.31,0.2045,buy_no,0.05035069931336242,0.05035069931336242,0.4772578133968,0.4850566399524,0.6,2.0309986847685186,1.0,1.0,no,true,,,auto-resolved
2026-04-16T10:15:33.599606+00:00,1871292,Will Fulham FC win on 2026-04-18?,0.29,0.1864,buy_no,0.050258373295930255,0.050258373295930255,0.4851194333584,0.4731604249812,0.6,2.0518320161574075,1.0,1.0,no,true,,,auto-resolved
2026-04-17T10:14:08.104393+00:00,1884018,Will Torino FC win on 2026-04-19?,0.37,0.2488,buy_no,0.054936021178697274,0.054936021178697274,0.45326750147440004,0.5210493738942,0.6,2.0110883212847224,1.0,1.0,no,true,,,auto-resolved
2026-04-17T10:14:08.104527+00:00,1884016,Will US Cremonese vs. Torino FC end in a draw?,0.31,0.2089,buy_no,0.04827845563908796,0.04827845563908796,0.47753170760720004,0.4848512192946,0.6,2.011088321770833,1.0,1.0,yes,false,,,auto-resolved
2026-04-18T09:47:59.815834+00:00,1960965,Set Handicap: Fruhvirtova (-1.5) vs Shymanovich (+1.5),0.09,0.0573,buy_no,0.018504212449773575,0.018504212449773575,0.565878056568,0.35259145757399996,0.6,2.0083686361342594,1.0,1.0,no,true,,,auto-resolved
2026-04-18T23:21:14.390277+00:00,1918791,"US x Iran ceasefire extended by April 21, 2026?",0.59,0.7151,buy_yes,0.08623901256119999,0.08623901256119999,0.689360612,0.392639388,0.6,2.0273670929166667,1.0,1.0,no,false,,,auto-resolved
2026-04-18T23:21:14.390788+00:00,1450859,Will the Virginia redistricting referendum pass?,0.86,0.9031,buy_yes,0.03883679878638381,0.03883679878638381,0.9010858187096006,0.11618563596779966,1.0,2.027363474861111,1.0,1.0,yes,true,,,auto-resolved
2026-04-18T23:21:14.390893+00:00,1912777,"Trump announces US x Iran ceasefire end by April 21, 2026?",0.21,0.2502,buy_yes,0.02912286208511999,0.02912286208511999,0.7244493056,0.3175506944,0.6,2.0273670958680556,1.0,1.0,no,false,,,auto-resolved
2026-04-18T23:21:14.390990+00:00,1918467,"Will Israel conduct military action against Iran by April 21, 2026?",0.157,0.1901,buy_yes,0.024291322048223995,0.024291322048223995,0.73387679904,0.29752320096,1.0,2.0273670971643516,1.0,1.0,no,false,,,auto-resolved
2026-04-18T23:21:14.391067+00:00,1897464,Will the Virginia constitutional amendment referendum pass by 3-6%?,0.25,0.1598,buy_no,0.016337243345906572,0.016337243345906572,0.18112243177280002,0.7692364393704,0.3,2.0273634728009258,1.0,1.0,,,,,paper trade | scan: 2-60d window
2026-04-18T23:21:14.391144+00:00,1984854,"Will ""Thrash"" be the top US Netflix movie this week?",0.949,0.8974,buy_no,0.012695328727885447,0.012695328727885447,0.2460335024784,0.6661614221212001,0.3,2.0273670910995367,1.0,1.0,yes,false,,,auto-resolved
2026-04-18T23:21:14.391245+00:00,1992126,"Will ""Big Mistakes: Season 1"" be the #2 US Netflix show this week?",0.93,0.8623,buy_no,0.01226965311948913,0.01226965311948913,0.18123564430560005,0.7329919425707999,0.3,2.0273634738657407,1.0,1.0,yes,false,,,auto-resolved
2026-04-18T23:21:14.391325+00:00,1897462,Will the Virginia constitutional amendment referendum pass by 9-12%?,0.12,0.07,buy_no,0.011819201018199986,0.011819201018199986,0.23638402036400002,0.687958129727,0.3,2.027363472384259,1.0,1.0,no,true,,,auto-resolved
2026-04-18T23:21:14.391398+00:00,1897466,Will the Virginia constitutional amendment referendum fail to pass?,0.151,0.1044,buy_no,0.011492010945553115,0.011492010945553115,0.24660967694320002,0.6849660415926,0.3,2.027367094085648,1.0,1.0,no,true,,,auto-resolved
2026-04-18T23:21:14.391466+00:00,1985447,"Will ""A Quiet Place Part II"" be the #2 global Netflix movie this week?",0.301,0.1961,buy_no,0.01049949656292849,0.01049949656292849,0.1000905296752,0.8604039256236,0.3,2.027367096261574,1.0,1.0,no,true,,,auto-resolved
2026-04-19T09:46:55.858995+00:00,2017271,Porsche Tennis Grand Prix: Elena Rybakina vs Karolina Muchova,0.69,0.7726,buy_yes,0.041426647889883206,0.031069985917412404,0.501533267432,0.46685004942600006,0.6,7.051029466064815,0.75,1.0,yes,true,,,auto-resolved
2026-04-19T09:46:55.859440+00:00,2012400,Qingdao Eagles vs. Beijing Ducks,0.27,0.1957,buy_no,0.03683845550445586,0.027628841628341894,0.49580693814880006,0.4591447963884,0.6,7.075331807974537,0.75,1.0,no,true,,,auto-resolved
2026-04-19T09:46:55.859877+00:00,2017773,Set Handicap: Rybakina (-1.5) vs Muchova (+1.5),0.44,0.3424,buy_no,0.03427794509462781,0.025708458820970857,0.3512084538384,0.6386681386212001,0.3,7.051029465856482,0.75,1.0,yes,false,,,auto-resolved
2026-04-19T09:46:55.860293+00:00,2015551,Set Handicap: Kostyuk (-1.5) vs Podrez (+1.5),0.56,0.4689,buy_no,0.026946247897676325,0.020209685923257243,0.2957875729712,0.6928009450716,0.3,7.09268974332176,0.75,1.0,yes,false,,,auto-resolved
2026-04-19T09:46:55.860723+00:00,2015065,BMW Open: Flavio Cobolli vs Ben Shelton,0.5,0.4586,buy_no,0.021585986600857903,0.016189489950643426,0.5214006425327997,0.5089495181004002,0.6,7.071859588206019,0.75,1.0,no,true,,,auto-resolved
2026-04-19T09:46:55.861139+00:00,1959752,Indian Premier League: Punjab Kings vs Lucknow Super Giants,0.62,0.6647,buy_yes,0.020963541785976703,0.015722656339482527,0.46898303771759997,0.5122627217118,0.6,7.009366410208333,0.75,1.0,yes,true,,,auto-resolved
2026-04-19T09:46:55.861549+00:00,2012391,Zhejiang Lions vs. Beijing Royal Fighters,0.68,0.7158,buy_yes,0.016750215924518537,0.012562661943388903,0.46788312638320007,0.4972833336126,0.6,7.0753318075694445,0.75,1.0,yes,true,,,auto-resolved
2026-04-19T09:46:55.861994+00:00,2015061,Open Capfinances Rouen Metropole: Marta Kostyuk vs Veronika Podrez,0.85,0.8746,buy_yes,0.013565417362526437,0.010174063021894829,0.551439730184,0.381420202362,0.6,7.092689744583334,0.75,1.0,yes,true,,,auto-resolved
2026-04-19T09:46:55.862427+00:00,1989063,Granada vs. Unicaja,0.23,0.1348,buy_no,0.013195209687551354,0.009896407265663515,0.1386051437768,0.8075973361674,0.3,7.030199739444444,0.75,1.0,yes,false,,,auto-resolved
2026-04-19T09:46:55.862903+00:00,2012403,Shenzhen Leopards vs. Shandong Hi-Speed Kirin,0.86,0.8831,buy_yes,0.011080746893203687,0.008310560169902765,0.4796860126928001,0.45226150688039995,0.6,7.075331807812501,0.75,1.0,no,false,,,auto-resolved
2026-04-20T10:48:09.315580+00:00,2026533,"Madrid Open, Qualification: Dusan Lajovic vs Matteo Arnaldi",0.46,0.3137,buy_no,0.06116796951770736,0.04587597713828052,0.41809958658720003,0.5744253100596,0.6,7.133448360740741,0.75,1.0,yes,false,,,auto-resolved
2026-04-20T10:48:09.316114+00:00,2026523,"Madrid Open, Qualification: Darwin Blanch vs Benjamin Bonzi",0.42,0.2961,buy_no,0.03866948659102704,0.029002114943270284,0.3121023937936,0.6724660932548001,0.3,7.07095093638889,0.75,1.0,no,true,,,auto-resolved
2026-04-20T10:48:09.316571+00:00,2012405,Ningbo Rockets vs. Jilin Northeast Tigers,0.94,0.8714,buy_no,0.038600418181193155,0.028950313635894866,0.5626883116792001,0.3496606950406,0.6,7.032759432152778,0.75,1.0,yes,false,,,auto-resolved
2026-04-20T10:48:09.317046+00:00,2026459,"Madrid Open, Qualification: Tyra Caterina Grant vs Veronika Erjavec",0.45,0.2881,buy_no,0.03576862047000062,0.026826465352500467,0.2209303302656,0.7693191449008,0.3,7.008453877974537,0.75,1.0,yes,false,,,auto-resolved
2026-04-20T10:48:09.317508+00:00,2026526,"Madrid Open, Qualification: Diane Parry vs Sloane Stephens",0.72,0.796,buy_yes,0.03134552068682882,0.023509140515121613,0.4124410616687999,0.5478959587484,0.6,7.133448362002315,0.75,1.0,no,false,,,auto-resolved
2026-04-20T10:48:09.317988+00:00,2026524,"Madrid Open, Qualification: Nauhany Leme Da Silva vs Daria Snigur",0.3,0.225,buy_no,0.025120131823560026,0.01884009886767002,0.33493509098080004,0.6261644449643999,0.3,7.1334483612962964,0.75,1.0,no,true,,,auto-resolved
2026-04-20T10:48:09.318449+00:00,2026405,"Madrid Open, Qualification: Marco Trungelliti vs Borna Gojo",0.53,0.4332,buy_no,0.024531066578846083,0.01839829993413456,0.25342010928560005,0.7421862852357999,0.3,7.00845387949074,0.75,1.0,yes,false,,,auto-resolved
2026-04-20T10:48:09.318942+00:00,2026409,"Madrid Open, Qualification: Billy Harris vs Daniel Merida Aguilar",0.23,0.1637,buy_no,0.02346369336854713,0.01759777002641035,0.35390186076240004,0.5931821076282,0.6,7.0084538790625,0.75,1.0,no,true,,,auto-resolved
2026-04-20T10:48:09.319414+00:00,2026530,"Madrid Open, Qualification: Rinky Hijikata vs Chris Rodesch",0.52,0.4673,buy_no,0.023405436053226706,0.01755407703992003,0.4441259213136,0.5609055590148,0.6,7.133448361689815,0.75,1.0,no,true,,,auto-resolved
2026-04-20T10:48:09.319906+00:00,2026495,"Madrid Open, Qualification: Quentin Halys vs Jaime Faria",0.52,0.4362,buy_no,0.023317152478439067,0.0174878643588293,0.2782476429408,0.7213399271943999,0.3,7.0084538780671295,0.75,1.0,no,true,,,auto-resolved
2026-04-21T10:19:00.366088+00:00,2037602,"Madrid Open, Qualification: Chris Rodesch vs Dusan Lajovic",0.47,0.3309,buy_no,0.05776263518912744,0.04332197639184558,0.4152597784984,0.5795551661262,0.6,7.0704112835532404,0.75,1.0,no,true,,,auto-resolved
2026-04-21T10:19:00.366682+00:00,2034600,Rome: Federico Bondioli vs Andrea Guerrieri,0.44,0.3012,buy_no,0.05196152297067326,0.03897114222800495,0.37436255742560004,0.6141053291308001,0.3,7.028744619351851,0.75,1.0,no,true,,,auto-resolved
2026-04-21T10:19:00.367262+00:00,2037604,"Madrid Open, Qualification: Patrick Kypson vs Nikoloz Basilashvili",0.51,0.4003,buy_no,0.04245549414732377,0.031841620610492824,0.3870145318808,0.6135006762894,0.3,7.132907396956018,0.75,1.0,no,true,,,auto-resolved
2026-04-21T10:19:00.367809+00:00,2037608,"Madrid Open, Qualification: Moez Echargui vs Nicolai Budkov Kjaer",0.26,0.1906,buy_no,0.03473571357706193,0.026051785182796446,0.5005146048568,0.4526140463574,0.6,7.132907396643518,0.75,1.0,no,true,,,auto-resolved
2026-04-21T10:19:00.368331+00:00,2037601,Oeiras 4: Storm Hunter vs Lucie Havlickova,0.39,0.2624,buy_no,0.03351208005632609,0.02513406004224457,0.2626338562408,0.7156874364194,0.3,7.007911287766205,0.75,1.0,no,true,,,auto-resolved
2026-04-21T10:19:00.368884+00:00,2037605,"Madrid Open, Qualification: Sloane Stephens vs Anhelina Kalinina",0.18,0.1182,buy_no,0.027237331953669158,0.020427998965251867,0.44073352675840005,0.49605640293119996,0.6,7.07041128423611,0.75,1.0,no,true,,,auto-resolved
2026-04-21T10:19:00.369425+00:00,2037600,"Madrid Open, Qualification: Adolfo Vallejo vs Henrique Rocha",0.69,0.7206,buy_yes,0.014668852067184993,0.011001639050388746,0.4793742505616,0.48346931207880006,0.6,7.070411284363426,0.75,1.0,yes,true,,,auto-resolved
2026-04-22T10:19:29.739034+00:00,2047578,Madrid Open: Janice Tjen vs Alina Charaeva,0.47,0.3234,buy_no,0.06077075893894591,0.04557806920420943,0.41453450845120005,0.5800991186616,0.6,7.090846561226852,0.75,1.0,yes,false,,,auto-resolved
2026-04-22T10:19:29.739536+00:00,2047599,Madrid Open: Oleksandra Oliynykova vs Simona Waltert,0.53,0.3842,buy_no,0.05115881910300194,0.03836911432725146,0.35088353294240004,0.6434779194931999,0.3,7.153344075972223,0.75,1.0,no,true,,,auto-resolved
2026-04-22T10:19:29.739995+00:00,2047596,Madrid Open: Nikoloz Basilashvili vs Sebastian Ofner,0.41,0.3036,buy_no,0.0404080193861837,0.030306014539637775,0.3797746182912,0.6031336546816,0.3,7.1325132257754635,0.75,1.0,no,true,,,auto-resolved
2026-04-22T10:19:29.740438+00:00,2047568,Madrid Open: Dalma Galfi vs Ajla Tomljanovic,0.49,0.3255,buy_no,0.0378551054050344,0.028391329053775803,0.23012222130720003,0.7684149662196,0.3,7.028349457569445,0.75,1.0,yes,false,,,auto-resolved
2026-04-22T10:19:29.740887+00:00,2047593,Madrid Open: Lorenzo Sonego vs Dusan Lajovic,0.44,0.3576,buy_no,0.03594797133040898,0.026960978497806737,0.43626178799040005,0.5548036590072001,0.6,7.070016121851851,0.75,1.0,no,true,,,auto-resolved
2026-04-22T10:19:29.741332+00:00,2047546,Madrid Open: Daria Snigur vs Daria Kasatkina,0.4,0.3014,buy_no,0.035942213748313294,0.02695666031123497,0.36452549440480003,0.6165260227964,0.3,7.007516124895833,0.75,1.0,yes,false,,,auto-resolved
2026-04-22T10:19:29.741796+00:00,2047574,Savannah: Jack Kennedy vs Kei Nishikori,0.31,0.2137,buy_no,0.034278987644629944,0.025709240733472458,0.35596041167840003,0.6065130946412,0.3,7.153344075856481,0.75,1.0,yes,false,,,auto-resolved
2026-04-22T10:19:29.742249+00:00,2047598,Madrid Open: Jaime Faria vs Hubert Hurkacz,0.29,0.1997,buy_no,0.030324569614822577,0.022743427211116933,0.3358202615152,0.6227028152636,0.3,7.153344075671296,0.75,1.0,no,true,,,auto-resolved
2026-04-22T10:19:29.742703+00:00,2047613,Madrid Open: Dino Prizmic vs Matteo Berrettini,0.43,0.3583,buy_no,0.029693232483347275,0.022269924362510456,0.41413155485840003,0.5756251766561999,0.6,7.0075161260532415,0.75,1.0,yes,false,,,auto-resolved
2026-04-22T10:19:29.743166+00:00,2047555,Madrid Open: Alycia Parks vs Elisabetta Cocciaretto,0.34,0.2765,buy_no,0.0294170633038812,0.0220627974779109,0.4632608394312,0.5068970530266,0.6,7.04918278920139,0.75,1.0,yes,false,,,auto-resolved
2026-04-23T10:22:18.311915+00:00,2053376,Madrid Open: Alycia Parks vs Ann Li,0.5,0.3445,buy_no,0.0627663813176852,0.047074785988263895,0.4036423235864,0.5972682573102,0.6,7.068305798553241,0.75,1.0,no,true,,,auto-resolved
2026-04-23T10:22:18.312457+00:00,1765837,Will Perth Glory FC win on 2026-04-25?,0.36,0.2591,buy_no,0.0462615277756704,0.0462615277756704,0.458488877856,0.514133341608,0.6,2.0579621344675925,1.0,1.0,yes,false,,,auto-resolved
2026-04-23T10:22:18.312938+00:00,2006099,Chicago White Sox vs. Arizona Diamondbacks,0.42,0.3125,buy_no,0.04687232963542402,0.035154247226568014,0.4360216710272001,0.5489837467295999,0.6,7.387735841180556,0.75,1.0,yes,false,,,auto-resolved
2026-04-23T10:22:18.313428+00:00,2006101,Los Angeles Dodgers vs. San Francisco Giants,0.58,0.6408,buy_yes,0.033078224174830126,0.024808668131122594,0.5440497397176001,0.4679626952118,0.6,7.391208063090278,0.75,1.0,yes,true,,,auto-resolved
2026-04-23T10:22:18.313915+00:00,2053365,Madrid Open: Mirra Andreeva vs Panna Udvardy,0.95,0.8942,buy_no,0.03270702748715712,0.02453027061536784,0.5861474460064,0.3253894154952,0.6,7.276633968333333,0.75,1.0,yes,false,,,auto-resolved
2026-04-23T10:22:18.314424+00:00,2049235,Savannah: Franco Roncadelli vs Nishesh Basavareddy,0.3,0.2476,buy_no,0.024134677660151045,0.018101008245113286,0.46058545152960007,0.5021783993528,0.6,7.151639130381944,0.75,1.0,no,true,,,auto-resolved
2026-04-23T10:22:18.314917+00:00,2006091,Milwaukee Brewers vs. Detroit Tigers,0.32,0.2765,buy_no,0.021248116010126394,0.015936087007594794,0.48846243701440006,0.47965317223919995,0.6,7.283573143287038,0.75,1.0,no,true,,,auto-resolved
2026-04-23T10:22:18.315432+00:00,2053383,Madrid Open: Dalma Galfi vs Anna Kalinskaya,0.36,0.2783,buy_no,0.020402144526308,0.015301608394731001,0.24972025124000002,0.7235544013699999,0.3,7.0058058001041665,0.75,1.0,yes,false,,,auto-resolved
2026-04-23T10:22:18.315936+00:00,1953289,Will Fulham FC win on 2026-04-25?,0.35,0.32,buy_no,0.01468230802219196,0.01468230802219196,0.48941026740640003,0.48794229944519996,0.6,2.0475573563310188,1.0,1.0,yes,false,,,auto-resolved
2026-04-23T10:22:18.316445+00:00,1953295,Will Aston Villa FC win on 2026-04-25?,0.4,0.3734,buy_no,0.012901947776768993,0.012901947776768993,0.4850356307056,0.5062232769707999,0.6,2.0475454716087964,1.0,1.0,no,true,,,auto-resolved
2026-04-24T10:21:56.072913+00:00,2056733,Savannah: Kilian Feldbausch vs Clement Tabur,0.46,0.3092,buy_no,0.06300373876384226,0.047252804072881696,0.41779667615280003,0.5746524928854,0.6,7.151706527256945,0.75,1.0,yes,false,,,auto-resolved
2026-04-24T10:21:56.073611+00:00,2062990,Savannah: Andres Andrade vs Nishesh Basavareddy,0.39,0.2528,buy_no,0.06103878457970944,0.04577908843478208,0.4448891004352,0.5333331746736,0.6,7.151706528946759,0.75,1.0,no,true,,,auto-resolved
2026-04-24T10:21:56.074255+00:00,2055129,Savannah: Nick Hardt vs Jack Kennedy,0.48,0.3573,buy_no,0.05089316615692657,0.03816987461769493,0.4147772302928,0.5829170772804,0.6,7.151706527372685,0.75,1.0,no,true,,,auto-resolved
2026-04-24T10:21:56.074883+00:00,1963582,Will US Sassuolo Calcio win on 2026-04-26?,0.21,0.1375,buy_no,0.03758830715969201,0.03758830715969201,0.5184594090992001,0.42415544317559994,0.6,2.005928214074074,1.0,1.0,no,true,,,auto-resolved
2026-04-24T10:21:56.075523+00:00,1963579,Will ACF Fiorentina vs. US Sassuolo Calcio end in a draw?,0.29,0.2238,buy_no,0.032441761023036184,0.032441761023036184,0.49005681303680004,0.46945739022239996,0.6,2.005928214363426,1.0,1.0,yes,false,,,auto-resolved
2026-04-24T10:21:56.076170+00:00,2050774,Jiangsu Dragons vs. Liaoning Flying Leopards,0.37,0.2864,buy_no,0.036571210772148796,0.027428408079111597,0.43745467430799995,0.5378423004690001,0.6,7.051020000266203,0.75,1.0,no,true,,,auto-resolved
2026-04-24T10:21:56.076805+00:00,2050771,Ningbo Rockets vs. Beijing Royal Fighters,0.35,0.2949,buy_no,0.0255221225661649,0.019141591924623676,0.4631964168088001,0.5098953045933999,0.6,7.051020000601851,0.75,1.0,yes,false,,,auto-resolved
2026-04-24T10:21:56.077446+00:00,2050772,Fujian Sturgeons vs. Guangdong Southern Tigers,0.15,0.1058,buy_no,0.024156064498298727,0.018117048373724045,0.5465172963416,0.38511202774380004,0.6,7.051020000497685,0.75,1.0,yes,false,,,auto-resolved
2026-04-24T10:21:56.078095+00:00,2050773,Guangzhou Loong Lions vs. Shenzhen Leopards,0.34,0.2996,buy_no,0.019384304747299196,0.014538228560474396,0.479809523448,0.49312081921400003,0.6,7.051020001342592,0.75,1.0,no,true,,,auto-resolved
2026-04-24T10:21:56.078729+00:00,2007195,Pakistan Super League: Hyderabad Kingsmen vs Islamabad United,0.5,0.3343,buy_no,0.017193445651889277,0.012895084238916957,0.10376249639040001,0.8968898679071999,0.3,7.02671444792824,0.75,1.0,no,true,,,auto-resolved
2026-04-25T09:52:53.788245+00:00,2071705,Oeiras 4: Fiona Ferro vs Linda Klimovicova,0.56,0.4615,buy_no,0.041950798467289996,0.0314630988504675,0.42589643114000003,0.5625776766449999,0.6,7.0676950720254625,0.75,1.0,yes,false,,,auto-resolved
2026-04-25T09:52:53.789017+00:00,2015225,Indian Premier League: Rajasthan Royals vs Sunrisers Hyderabad,0.53,0.4651,buy_no,0.027813460481072624,0.02086009536080447,0.42855871311360005,0.5695809651648,0.6,7.005199458194445,0.75,1.0,no,true,,,auto-resolved
2026-04-25T09:52:53.789711+00:00,2066659,Shymkent: Timofey Skatov vs Sergey Fomin,0.54,0.5081,buy_no,0.014200396825909354,0.010650297619432016,0.4451535055144,0.5541348708642,0.6,7.005199456481481,0.75,1.0,no,true,,,auto-resolved
2026-04-25T09:52:53.790380+00:00,2015231,Indian Premier League: Rajasthan Royals vs Sunrisers Hyderabad - Who wins the toss?,0.16,0.0881,buy_no,0.011985691580954012,0.008989268685715509,0.16669946566,0.765510270955,0.3,7.005199458749999,0.75,1.0,no,true,,,auto-resolved
2026-04-25T09:52:53.791096+00:00,2015268,Pakistan Super League: Lahore Qalandars vs Peshawar Zalmi,0.45,0.324,buy_no,0.01181556823769279,0.008861676178269592,0.0937743510928,0.8970911942804,0.3,7.046866121550925,0.75,1.0,yes,false,,,auto-resolved
2026-04-26T09:54:18.863962+00:00,2024079,Indian Premier League: Lucknow Super Giants vs Kolkata Knight Riders,0.52,0.3851,buy_no,0.05544834877644721,0.0415862615823354,0.411032978328,0.585725266254,0.6,7.004165540312499,0.75,1.0,no,true,,,auto-resolved
2026-04-26T09:54:18.864748+00:00,2029375,Will Liverpool FC win on 2026-05-03?,0.36,0.2622,buy_no,0.044870072080720316,0.03365255406054024,0.4587941930544,0.5139043552092,0.6,7.191644017025463,0.75,1.0,,,,,paper trade | scan: 2-60d window
2026-04-26T09:54:18.865458+00:00,2029336,Will AFC Bournemouth win on 2026-05-03?,0.6,0.5372,buy_no,0.027717492735286387,0.02078811955146479,0.441361349288,0.538978988034,0.6,7.129156836099537,0.75,1.0,,,,,paper trade | scan: 2-60d window
2026-04-26T09:54:18.866191+00:00,2029331,Will FC St. Pauli 1910 win on 2026-05-03?,0.36,0.3309,buy_no,0.014192758726298648,0.010644569044723986,0.48772366757040003,0.49220724932219995,0.6,7.149987448368055,0.75,1.0,,,,,paper trade | scan: 2-60d window
2026-04-26T09:54:18.866947+00:00,2031338,Karsiyaka vs. Esenler Erokspor,0.59,0.5643,buy_no,0.0111208163692708,0.0083406122769531,0.432716590244,0.5506982101169999,0.6,7.004165540983797,0.75,1.0,yes,false,,,auto-resolved
2026-04-27T11:04:07.704072+00:00,2043520,Tampa Bay Rays vs. Cleveland Guardians,0.45,0.305,buy_no,0.06116254040541202,0.04587190530405901,0.42181062348560006,0.5686420323858,0.6,7.462646197372686,0.75,1.0,,,,,REAL SIGNAL | scan: 2-60d window
2026-04-27T11:04:07.704663+00:00,2043535,Boston Red Sox vs. Toronto Blue Jays,0.44,0.2996,buy_no,0.059778720079977594,0.0448340400599832,0.42577435954400006,0.562669230342,0.6,7.5022295299768516,0.75,1.0,,,,,REAL SIGNAL | scan: 2-60d window
2026-04-27T11:04:07.705221+00:00,2043531,St. Louis Cardinals vs. Pittsburgh Pirates,0.46,0.3395,buy_no,0.05072628769509238,0.038044715771319286,0.42096504311280003,0.5722762176653999,0.6,7.483479530219908,0.75,1.0,,,,,REAL SIGNAL | scan: 2-60d window
2026-04-27T11:04:07.705767+00:00,2040037,Will Nottingham Forest FC win on 2026-05-04?,0.21,0.1248,buy_no,0.04405578742781181,0.03304184057085886,0.5170867068992,0.42518496982559995,0.6,7.122383476064814,0.75,1.0,,,,,paper trade | scan: 2-60d window
2026-04-27T11:04:07.706324+00:00,2086915,Saint-Malo: Clara Burel vs Viktorija Golubic,0.4,0.3068,buy_no,0.04147981575620035,0.03110986181715026,0.4450624008176,0.5362031993868,0.6,7.101550143402777,0.75,1.0,no,true,,,auto-resolved
2026-04-27T11:04:07.706870+00:00,2050788,Merkezefendi vs. Mersin BSB,0.57,0.459,buy_no,0.038179143075652774,0.02863435730673958,0.34395624392479995,0.6422710548564,0.3,7.205713678020833,0.75,1.0,yes,false,,,auto-resolved
2026-04-27T11:04:07.707465+00:00,2040064,Will Manchester City FC win on 2026-05-04?,0.67,0.7473,buy_yes,0.0381270500564494,0.028595287542337054,0.49323480021280003,0.47907389984039994,0.6,7.330707655474537,0.75,1.0,,,,,paper trade | scan: 2-60d window
2026-04-27T11:04:07.708027+00:00,2089476,La Bisbal: Ashlyn Krueger vs Storm Hunter,0.7,0.7433,buy_yes,0.020995324713369044,0.015746493535026784,0.4848804783688,0.4763396412234,0.6,7.226544001886573,0.75,1.0,yes,true,,,auto-resolved
2026-04-27T11:04:07.708586+00:00,2089480,Madrid Open: Anastasia Potapova vs Elena Rybakina,0.14,0.1054,buy_no,0.019211039869495884,0.014408279902121913,0.5552323661704001,0.3755757253722,0.6,7.330704624710648,0.75,1.0,,,,,paper trade | scan: 2-60d window
2026-04-27T11:04:07.709149+00:00,2050783,CSKA Moscow vs. Enisey Krasnoyarsk,0.95,0.865,buy_no,0.01913509225536,0.014351319191519999,0.225118732416,0.685081548488,0.3,7.226547010798611,0.75,1.0,yes,false,,,auto-resolved
2026-04-27T16:06:46.084640+00:00,2000961,Club Atlético de Madrid vs. Arsenal FC: Both Teams to Score,0.51,0.3951,buy_no,0.04740320425659336,0.04740320425659336,0.4125605244264,0.5875796066801999,0.6,2.120841968726852,1.0,1.0,,,,,paper trade | scan: 2-60d window
2026-04-27T16:06:46.084798+00:00,1961415,"Will Donald Trump announce that the United States blockade of the Strait of Hormuz has been lifted by April 30, 2026?",0.15,0.1984,buy_yes,0.045496,0.045496,0.9400000000000001,0.09000000000000001,1.0,2.329161217546296,1.0,1.0,,,,,paper trade | scan: 2-60d window
2026-04-27T16:06:46.084887+00:00,1929170,Will WTI Crude Oil (WTI) hit (HIGH) $110 in April?,0.16,0.2102,buy_yes,0.04300471701392,0.04300471701392,0.8566676696000001,0.1753323304,1.0,2.3291612183217594,1.0,1.0,,,,,paper trade | scan: 2-60d window
2026-04-27T16:06:46.084980+00:00,2000795,Will Club Atlético de Madrid win on 2026-04-29?,0.35,0.3936,buy_yes,0.03365011512750526,0.03365011512750526,0.771791631364799,0.2761562764764008,1.0,2.1208419753009258,1.0,1.0,,,,,paper trade | scan: 2-60d window
2026-04-27T16:06:46.085089+00:00,1929187,Will WTI Crude Oil (WTI) hit (HIGH) $115 in April?,0.059,0.0917,buy_yes,0.030000988839480006,0.030000988839480006,0.9174614324,0.0943385676,1.0,2.329161218009259,1.0,1.0,,,,,paper trade | scan: 2-60d window
2026-04-27T16:06:46.085168+00:00,2000798,Will Club Atlético de Madrid vs. Arsenal FC end in a draw?,0.3,0.2484,buy_no,0.025356489585237167,0.025356489585237167,0.49140483692320003,0.4714463723076,0.6,2.120841968622685,1.0,1.0,,,,,paper trade | scan: 2-60d window
2026-04-27T16:06:46.085247+00:00,1929830,Counter-Strike: Astralis vs G2 (BO3) - BLAST Rivals Group A,0.48,0.4109,buy_no,0.020475328070449585,0.020475328070449585,0.29631444385600003,0.7086580863079999,0.3,2.3083278854166664,1.0,1.0,,,,,paper trade | scan: 2-60d window
2026-04-27T16:06:46.085326+00:00,2000953,Spread: Club Atlético de Madrid (-1.5),0.16,0.0908,buy_no,0.01996216188982337,0.01996216188982337,0.2884705475408,0.6437968435443999,0.3,2.1208419689120372,1.0,1.0,,,,,paper trade | scan: 2-60d window
2026-04-27T16:06:46.085401+00:00,1929823,Map Handicap: VIT (-1.5) vs FUT Esports (+1.5),0.66,0.723,buy_yes,0.017066002893659987,0.017066002893659987,0.27088893482000004,0.701364315285,0.3,2.204170913726852,1.0,1.0,,,,,paper trade | scan: 2-60d window
2026-04-27T16:06:46.085472+00:00,1929819,Counter-Strike: Vitality vs FUT Esports (BO3) - BLAST Rivals Group A,0.89,0.9155,buy_yes,0.01697989315913158,0.01697989315913158,0.6658781631032,0.2835913776726,1.0,2.2041709160879632,1.0,1.0,,,,,paper trade | scan: 2-60d window
2026-04-27T16:55:01.155256+00:00,1818353,Will Millonarios FC win on 2026-04-28?,0.48,0.1931,buy_no,0.09489332259999998,0.09489332259999998,0.330754,0.5871530523996,0.6,1.317881130300926,1.0,1.0,,,confirm,"Millonarios FC's captain and key player, Radamel Falcao García, suffered a facial fracture on April 19, 2026, and his recovery timeline is uncertain, potentially impacting the team's performance in the upcoming match against São Paulo FC. ([tropicanafm.com](https://www.tropicanafm.com/2026/te-levantaras-emotivo-mensaje-de-aliento-de-hugo-rodallega-a-falcao-tras-fuerte-lesion-464158.html?utm_source=openai))",REAL SIGNAL | scan: 1-60d window
2026-04-27T16:55:03.541158+00:00,2094721,Huzhou: Dalila Spiteri vs Varvara Panshina,0.45,0.1599,buy_no,0.0992307357,0.074423051775,0.342057,0.5693727988596,0.6,7.421975120775462,0.75,1.0,,,confirm,"Varvara Panshina is favored to win against Dalila Spiteri, with betting odds of 6/10 compared to Spiteri's 23/20, indicating a higher probability of Panshina's victory. ([betfair.com](https://www.betfair.com/betting/tennis/wta-huzhou-2026/spiteri-v-var-panshina/e-35540843?utm_source=openai))",REAL SIGNAL | scan: 1-60d window
2026-04-27T16:55:05.611296+00:00,1983816,Will Minnesota Wild advance to Round 2 of the 2026 NHL Playoffs?,0.45,0.1588,buy_no,0.09228331839999997,0.06921248879999997,0.316907,0.6041994268896,0.3,7.296981432662037,0.75,1.0,,,neutral,"The series is tied 2-2, with no significant injuries reported, making the outcome uncertain.",REAL SIGNAL | scan: 1-60d window
2026-04-27T16:55:07.324799+00:00,2050786,Chemnitz 99 vs. Brose Bamberg,0.42,0.1421,buy_no,0.08664783050000001,0.064985872875,0.311795,0.6064471929399999,0.3,7.046990460451389,0.75,1.0,,,confirm,Brose Bamberg's superior recent form and higher league standing suggest they are more likely to win. ([matchstat.com](https://matchstat.com/predictions-tips/germany-bbl-preview-and-prediction-bv-chemnitz-99-vs-bamberg-baskets-betting-tips-picks-april-27-2026//?utm_source=openai)),REAL SIGNAL | scan: 1-60d window
2026-04-27T16:55:09.486184+00:00,2086847,Madrid Open: Jiri Lehecka vs Lorenzo Musetti,0.39,0.1556,buy_no,0.08409170320000002,0.06306877740000001,0.358753,0.5321000392319999,0.6,7.67196073394676,0.75,1.0,,,confirm,"Recent analyses and betting odds favor Lorenzo Musetti over Jiri Lehecka in their upcoming Madrid Open match, supporting the decision to buy NO. ([dimers.com](https://www.dimers.com/news/jiri-lehecka-vs-lorenzo-musetti-tennis-prediction-atp-madrid-open-2026-ac?utm_source=openai))",REAL SIGNAL | scan: 1-60d window
2026-04-27T16:55:12.763393+00:00,2086975,Saint-Malo: Chloe Paquet vs Whitney Osuigwe,0.31,0.1031,buy_no,0.08200357360000003,0.06150268020000002,0.396344,0.485277442581,0.6,7.630305681423611,0.75,1.0,,,confirm,"Betting odds and predictions favor Whitney Osuigwe to win against Chloe Paquet, supporting the decision to buy NO. ([betclan.com](https://www.betclan.com/tennis/predictionsdetails/193656479/Chloe-Paquet-vs-Whitney-Osuigwe-prediction-h2h-tip-and-match-preview/?utm_source=openai))",REAL SIGNAL | scan: 1-60d window
2026-04-27T16:55:16.168375+00:00,2089481,Cagliari: Aleksandar Vukic vs Marcos Giron,0.39,0.1637,buy_no,0.08104119820000001,0.06078089865000001,0.358114,0.5317353260105999,0.6,7.630300006770833,0.75,1.0,,,confirm,"Despite Vukic's 3-1 head-to-head advantage, his poor recent form (2-5 in 2026) and weak clay court record (5-14 career ATP level) suggest Giron is favored. ([tennisratio.com](https://www.tennisratio.com/h2h-compare/aleksandar-vukic-vs-marcos-giron.html?utm_source=openai))",REAL SIGNAL | scan: 1-60d window
2026-04-27T16:55:19.785694+00:00,2000788,Will Paris Saint-Germain FC vs. FC Bayern München end in a draw?,0.24,0.104,buy_no,0.05938195200000001,0.05938195200000001,0.436632,0.41421491574720004,0.6,1.0887321323495371,1.0,1.0,,,confirm,"Recent analyses suggest a low probability of a draw, with one model estimating a 17% chance, supporting the decision to buy NO. ([grais.io](https://grais.io/en/2026-04-28/278954-paris-saint-germain-vs-bayern-munich?utm_source=openai))",REAL SIGNAL | scan: 1-60d window
2026-04-27T16:55:21.903221+00:00,2000962,Spread: Paris Saint-Germain FC (-1.5),0.23,0.0971,buy_no,0.05773880370000001,0.05773880370000001,0.434453,0.4372641649194,0.6,1.0887321335069444,1.0,1.0,,,confirm,"Paris Saint-Germain's recent strong performances, including a 3-0 win over Angers, suggest they are likely to cover the -1.5 spread. ([psg.fr](https://www.psg.fr/en/content/ligue-1-matchday-31-results-2025-2026-angers-sco-v-paris-saint-germain/?utm_source=openai))",REAL SIGNAL | scan: 1-60d window
2026-04-27T16:55:24.566088+00:00,2029105,LoL: Weibo Gaming vs Top Esports (BO3) - LPL Group Ascend,0.3,0.1747,buy_no,0.05254781280000004,0.05254781280000004,0.419376,0.4361981249862,0.6,1.005401496724537,1.0,1.0,,,reject,"Recent information indicates that Top Esports is on a six-game winning streak, positioning them as the league's top team, while Weibo Gaming has a 2-6 record, suggesting that the current market price of 30% YES may be undervaluing Top Esports' chances. ([freetips.com](https://www.freetips.com/esports/weibo-gaming-vs-top-esports-betting-tips-20260427-0016/?utm_source=openai))",REAL SIGNAL | scan: 1-60d window
2026-04-27T16:55:24.567764+00:00,2043547,Miami Marlins vs. Los Angeles Dodgers,0.27,0.1049,buy_no,0.06850708930000002,0.051380316975000014,0.414943,0.4417012583244,0.6,7.387256074444445,0.75,1.0,,,skipped,,REAL SIGNAL | scan: 1-60d window
2026-04-27T16:55:24.569340+00:00,2000963,Spread: FC Bayern München (-1.5),0.19,0.0884,buy_no,0.04617029119999996,0.04617029119999996,0.454432,0.413101929588,0.6,1.0887321322106482,1.0,1.0,,,skipped,,REAL SIGNAL | scan: 1-60d window
2026-04-27T16:55:24.570920+00:00,2065743,LoL: FlyQuest vs Team Liquid (BO3) - Esports World Cup North America Qualifier Playoffs,0.39,0.1754,buy_no,0.038792169,0.038792169,0.180765,0.7741991602722,0.3,1.2970526105787037,1.0,1.0,,,skipped,,REAL SIGNAL | scan: 1-60d window
2026-04-27T16:55:24.573702+00:00,2043545,Chicago Cubs vs. San Diego Padres,0.49,0.3576,buy_no,0.04526477960000003,0.03394858470000002,0.341879,0.5562970880142,0.6,7.366422741377315,0.75,1.0,,,skipped,,REAL SIGNAL | scan: 1-60d window
2026-04-27T16:55:24.575288+00:00,951183,Will the Bharatiya Janata Party (BJP) win the most seats in the 2026 West Bengal Legislative Assembly election?,0.531,0.5875,buy_yes,0.033489358,0.033489358,0.592732,0.2982315692,1.0,1.2970477980671298,1.0,1.0,,,skipped,,REAL SIGNAL | scan: 1-60d window
2026-04-27T16:55:24.576877+00:00,2087228,Set Handicap: Musetti (-1.5) vs Lehecka (+1.5),0.37,0.1048,buy_no,0.0373390992,0.028004324400000002,0.140796,0.839169992893,0.3,7.671966671354166,0.75,1.0,,,skipped,,REAL SIGNAL | scan: 1-60d window
2026-04-27T16:55:24.578195+00:00,2043538,Los Angeles Angels vs. Chicago White Sox,0.51,0.4157,buy_no,0.033590320100000015,0.02519274007500001,0.356207,0.5338773087354,0.6,7.283092545162036,0.75,1.0,,,skipped,,REAL SIGNAL | scan: 1-60d window
2026-04-27T16:55:24.579130+00:00,2088417,Dota 2: Team Lynx vs South America Rejects (BO3) - DreamLeague Division 2 Playoffs,0.18,0.0884,buy_no,0.024668246400000003,0.024668246400000003,0.269304,0.6656687372005999,0.3,1.0678988017824074,1.0,1.0,,,skipped,,REAL SIGNAL | scan: 1-60d window
2026-04-27T16:55:24.580057+00:00,2089470,Madrid Open: Tomas Etcheverry vs Arthur Fils,0.26,0.1024,buy_no,0.06541392879999999,0.024530223299999997,0.415063,0.45396410805779996,0.6,7.6719607343518526,0.75,0.5,,,skipped,,REAL SIGNAL | scan: 1-60d window
2026-04-27T16:55:24.580995+00:00,2056734,Rockets vs. Lakers,0.45,0.2945,buy_no,0.024182426999999996,0.024182426999999996,0.155514,0.8070886766982,0.3,1.4637116181828702,1.0,1.0,,,skipped,,REAL SIGNAL | scan: 1-60d window
2026-04-27T16:55:24.581911+00:00,2003521,Will Booking Holdings Inc (BKNG) beat quarterly earnings?,0.95,0.8277,buy_no,0.024115603200000002,0.024115603200000002,0.197184,0.7196781979312,0.3,1.172060644236111,1.0,1.0,,,skipped,,REAL SIGNAL | scan: 1-60d window
2026-04-27T16:55:24.582861+00:00,2068042,Counter-Strike: Game Hunters vs ODDIK Academy (BO3) - CCT South America Series #1 Group Stage,0.51,0.3474,buy_no,0.02403016620000001,0.02403016620000001,0.147787,0.8172402417978,0.3,1.2137223506597223,1.0,1.0,,,skipped,,REAL SIGNAL | scan: 1-60d window
2026-04-27T16:55:24.583802+00:00,951182,Will the All India Trinamool Congress (AITC) win the most seats in the 2026 West Bengal Legislative Assembly election?,0.474,0.5109,buy_yes,0.021873582000000023,0.021873582000000023,0.59278,0.2844,1.0,1.2970477991550926,1.0,1.0,,,skipped,,REAL SIGNAL | scan: 1-60d window
2026-04-27T16:55:24.586706+00:00,1847922,"Will Powell say ""Inflation"" 60+ times during April press conference?",0.25,0.1029,buy_no,0.0202544932,0.0202544932,0.137692,0.8300225874748001,0.3,1.2970477982638888,1.0,1.0,,,skipped,,REAL SIGNAL | scan: 1-60d window
2026-04-27T16:55:24.588398+00:00,2076052,LoL: Frites Esports Club vs The Bandits (BO3) - Road Of Legends Regular Season,0.91,0.8355,buy_no,0.018560855499999997,0.018560855499999997,0.249139,0.6663448609002,0.3,1.255389013159722,1.0,1.0,,,skipped,,REAL SIGNAL | scan: 1-60d window
2026-04-27T16:55:24.589849+00:00,1663815,Will Jim Baird be the Republican nominee for IN-04?,0.908,0.8255,buy_no,0.021860519999999998,0.01639539,0.264976,0.6353535304872001,0.3,7.296978298356481,0.75,1.0,,,skipped,,REAL SIGNAL | scan: 1-60d window
2026-04-27T16:55:24.591041+00:00,2043540,Seattle Mariners vs. Minnesota Twins,0.55,0.4855,buy_no,0.020558471999999984,0.015418853999999989,0.318736,0.5563246011972,0.6,7.283092545069445,0.75,1.0,,,skipped,,REAL SIGNAL | scan: 1-60d window
2026-04-27T16:55:24.592069+00:00,2044637,"T20 Series Bangladesh vs Sri Lanka, Women: Bangladesh vs Sri Lanka - Toss Match Double Bangladesh Winner",0.3,0.1042,buy_no,0.020485379200000008,0.015364034400000006,0.104624,0.8763835498679999,0.3,7.630300007210648,0.75,1.0,,,skipped,,REAL SIGNAL | scan: 1-60d window
2026-04-27T16:55:24.593099+00:00,1847921,"Will Powell say ""Inflation"" 50+ times during April press conference?",0.45,0.2364,buy_no,0.012171782400000001,0.012171782400000001,0.056984,0.9502543621494001,0.3,1.2970477998148149,1.0,1.0,,,skipped,,REAL SIGNAL | scan: 1-60d window
2026-04-27T16:55:24.594172+00:00,1939297,"Will Donald Trump publicly insult someone on April 29, 2026?",0.89,0.8375,buy_no,0.011978399999999995,0.011978399999999995,0.22816,0.7032782603597999,0.3,1.297052612372685,1.0,1.0,,,skipped,,REAL SIGNAL | scan: 1-60d window
2026-04-27T16:55:24.595294+00:00,2047423,"US x Iran diplomatic meeting by May 5, 2026?",0.32,0.2959,buy_no,0.015601785699999935,0.011701339274999951,0.647377,0.192,1.0,7.2969814333912035,0.75,1.0,,,skipped,,REAL SIGNAL | scan: 1-60d window
2026-04-27T16:55:24.596338+00:00,2044639,"T20 Series Bangladesh vs Sri Lanka, Women: Bangladesh vs Sri Lanka - Toss Match Double Sri Lanka Winner",0.4,0.2055,buy_no,0.012182702,0.0091370265,0.062636,0.9349603537298,0.3,7.6303026735879635,0.75,1.0,,,skipped,,paper trade | scan: 1-60d window
2026-04-27T19:09:35.402773+00:00,2097979,Madrid Open: Stefanos Tsitsipas vs Casper Ruud,0.33,0.1116,buy_no,0.08325058559999998,0.06243793919999999,0.381184,0.49422759440700004,0.6,7.704433229201388,0.75,1.0,,,neutral,"Casper Ruud, the defending champion, has shown strong form in the Madrid Open, dropping just five games across his first two matches. ([atptour.com](https://www.atptour.com/en/news/tsitsipas-merida-ma",REAL SIGNAL | scan: 1-60d window
2026-04-27T19:09:39.474171+00:00,2060733,Wild vs. Stars,0.46,0.2775,buy_no,0.060441444999999955,0.060441444999999955,0.331186,0.569524465173,0.6,1.2046541698148148,1.0,1.0,,,neutral,"The series is tied 2-2, and both teams have key players injured, making the outcome uncertain.",REAL SIGNAL | scan: 1-60d window
2026-04-27T19:09:44.273864+00:00,2056717,Raptors vs. Cavaliers,0.25,0.1018,buy_no,0.058912167599999996,0.058912167599999996,0.397518,0.48097015337939997,0.6,1.3713088272916667,1.0,1.0,,,neutral,"The Toronto Raptors and Cleveland Cavaliers are tied 2-2 in their first-round playoff series, with Game 5 scheduled in Cleveland. The Cavaliers have a 64% chance of winning the upcoming game, accordin",REAL SIGNAL | scan: 1-60d window
2026-04-27T19:09:47.183690+00:00,2056738,Magic vs. Pistons,0.38,0.1275,buy_no,0.058005815000000016,0.058005815000000016,0.229726,0.7119497746998,0.3,1.371308826863426,1.0,1.0,,,confirm,"The Orlando Magic lead the series 2-1, and the Detroit Pistons are favored to win Game 4, aligning with the model's lower probability for a Magic victory. ([dimers.com](https://www.dimers.com/news/detroit-pistons-vs-orlando-magic-prediction-nba-monday-04-27-2026-ac?utm_source=openai))",REAL SIGNAL | scan: 1-60d window
2026-04-27T19:09:56.619505+00:00,2089472,Madrid Open: Jannik Sinner vs Cameron Norrie,0.949,0.8479,buy_no,0.050716713900000016,0.03803753542500001,0.501649,0.32338942921060004,0.6,7.579529758368056,0.75,1.0,,,skipped,,REAL SIGNAL | scan: 1-60d window
2026-04-27T19:09:56.627752+00:00,2043536,Will there be a run scored in the first inning?: Boston Red Sox vs. Toronto Blue Jays,0.43,0.1706,buy_no,0.023990090200000005,0.017992567650000003,0.092483,0.9062741315316,0.3,7.167752589768519,0.75,1.0,,,skipped,,REAL SIGNAL | scan: 1-60d window
2026-04-27T19:09:56.629581+00:00,2096409,LoL: Natus Vincere vs Galions (BO3) - Esports World Cup EMEA Qualifier Playoffs,0.89,0.8312,buy_no,0.01623391559999999,0.01623391559999999,0.276087,0.6303112582564,0.3,1.0796731952662038,1.0,1.0,,,skipped,,REAL SIGNAL | scan: 1-60d window
